Date,pm1.0,pm2.5,pm10,temp,humi,voc,co2,radon,24hour,1hour
2020-02-25 10:00,24.0,22.0,34.0,6.16,90.26,179.0,684.0,0.0,22.0,22.0
2020-02-25 11:00,12.0,14.0,23.0,7.21,91.38,103.0,598.0,30.0,27.574585635359117,27.574585635359117
2020-02-25 12:00,12.0,12.0,22.0,7.42,91.3,0.0,400.0,27.0,22.290858725761773,16.96132596685083
2020-02-25 13:00,40.0,28.0,32.0,7.54,91.21,22.0,400.0,36.0,24.55637707948244,29.005524861878452
2020-02-25 14:00,2.0,1.0,3.0,8.41,90.48,157.0,485.0,15.0,20.198335644937586,7.2154696132596685
2020-02-25 15:00,2.0,1.0,3.0,8.34,89.44,43.0,400.0,15.0,16.380688124306328,1.0883977900552486
2020-02-25 16:00,34.0,26.0,41.0,9.32,86.71,56.0,400.0,12.0,14.843663274745605,7.116022099447513
2020-02-25 17:00,0.0,0.0,2.0,9.89,86.39,14.0,400.0,12.0,13.501189532117367,5.552486187845304
2020-02-25 18:00,0.0,0.0,0.0,9.85,84.07,39.0,400.0,48.0,11.8147120055517,0.0
2020-02-25 19:00,8.0,5.0,9.0,9.58,82.35,17.0,400.0,27.0,10.573103022825416,0.6298342541436464
2020-02-25 20:00,10.0,6.0,10.0,9.57,78.95,5.0,400.0,21.0,10.857856746252082,13.375690607734807
2020-02-25 21:00,37.0,30.0,50.0,9.04,71.48,3.0,400.0,30.0,11.26653205451792,15.303867403314918
2020-02-25 22:00,0.0,0.0,0.0,8.54,71.14,16.0,400.0,12.0,10.679315131883387,4.359116022099448
2020-02-25 23:00,0.0,0.0,0.0,8.21,71.13,21.0,400.0,18.0,9.858180264844083,0.0
2020-02-26 00:00,0.0,0.0,0.0,7.91,69.55,13.0,400.0,30.0,9.154303847679492,0.0
2020-02-26 01:00,0.0,0.0,1.0,7.75,71.09,11.0,400.0,24.0,8.544242873009996,0.0
2020-02-26 02:00,3.0,1.0,3.0,7.61,69.33,20.0,400.0,33.0,8.034015966678236,0.3756906077348066
2020-02-26 03:00,5.0,3.0,5.0,7.62,71.48,39.0,400.0,27.0,7.629859523031689,1.160220994475138
2020-02-26 04:00,1.0,1.0,2.0,7.51,74.6,30.0,400.0,30.0,7.311940759024992,1.9116022099447514
2020-02-26 05:00,17.0,12.0,21.0,7.16,76.51,0.0,400.0,39.0,7.313066354866998,7.298342541436464
2020-02-26 06:00,3.0,3.0,7.0,7.47,77.5,32.0,400.0,30.0,7.340460983060261,7.883977900552487
2020-02-26 07:00,2.0,1.0,3.0,8.06,74.38,80.0,400.0,36.0,7.05368950013224,1.3259668508287292
2020-02-26 08:00,4.0,3.0,7.0,8.32,73.0,34.0,400.0,30.0,6.85331986872002,2.6353591160220993
2020-02-26 09:00,4.0,4.0,7.0,11.08,64.97,115.0,400.0,27.0,6.695967157691379,3.2320441988950277
2020-02-26 10:00,5.0,5.0,9.0,12.81,62.61,234.0,400.0,33.0,6.617912520249942,4.81767955801105
2020-02-26 11:00,4.0,3.0,7.0,17.68,55.72,516.0,570.0,30.0,5.638972460078685,4.154696132596685
2020-02-26 12:00,6.0,4.0,7.0,16.25,50.66,439.0,447.0,24.0,5.074751214996528,3.4419889502762433
2020-02-26 13:00,15.0,12.0,22.0,15.13,49.47,403.0,400.0,15.0,4.092571164082388,5.425414364640884
2020-02-26 14:00,12.0,12.0,21.0,15.67,43.28,448.0,413.0,51.0,4.357324693358019,13.596685082872929
2020-02-26 15:00,8.0,8.0,13.0,15.28,45.18,443.0,400.0,21.0,4.646146725295071,8.044198895027625
2020-02-26 16:00,16.0,21.0,36.0,14.98,47.58,496.0,400.0,36.0,4.925017357093266,13.67403314917127
2020-02-26 17:00,17.0,21.0,35.0,13.98,49.99,370.0,400.0,27.0,5.434853043277019,17.83977900552486
2020-02-26 18:00,15.0,19.0,34.0,12.67,51.6,302.0,400.0,27.0,6.258273547789863,19.773480662983424
2020-02-26 19:00,23.0,23.0,39.0,10.03,60.74,188.0,400.0,36.0,7.108076834066188,20.994475138121548
2020-02-26 20:00,27.0,27.0,46.0,9.7,63.27,235.0,400.0,24.0,7.4679472344364735,22.060773480662984
2020-02-26 21:00,20.0,21.0,35.0,9.83,58.71,197.0,400.0,33.0,7.933811617681092,26.408839779005525
2020-02-26 22:00,45.0,43.0,69.0,9.6,60.01,173.0,400.0,45.0,9.242536449895857,35.71823204419889
2020-02-26 23:00,12.0,13.0,25.0,9.14,61.63,138.0,400.0,27.0,10.26429067345522,24.629834254143645
2020-02-27 00:00,46.0,42.0,68.0,8.6,64.69,76.0,400.0,18.0,10.889840314741958,15.005524861878452
2020-02-27 01:00,0.0,0.0,1.0,7.48,63.63,7.0,400.0,30.0,11.342513307104836,11.03867403314917
2020-02-27 02:00,6.0,4.0,7.0,6.88,64.1,16.0,400.0,18.0,11.366813237676464,0.9502762430939227
2020-02-27 03:00,0.0,0.0,2.0,6.69,62.84,0.0,400.0,30.0,11.962277250636427,15.38121546961326
2020-02-27 04:00,1.0,0.0,1.0,6.53,63.84,8.0,400.0,21.0,11.892386021754223,0.23756906077348067
2020-02-27 05:00,2.0,1.0,5.0,6.16,63.74,0.0,400.0,21.0,11.628789632029623,0.9392265193370166
2020-02-27 06:00,2.0,1.0,5.0,6.13,64.36,23.0,400.0,45.0,11.352001851423282,1.2651933701657458
2020-02-27 07:00,10.0,6.0,11.0,6.59,64.65,3.0,400.0,21.0,11.391344596158296,2.265193370165746
2020-02-27 08:00,3.0,1.0,4.0,7.95,62.21,79.0,400.0,36.0,11.632261050682713,8.403314917127071
2020-02-27 09:00,5.0,4.0,7.0,11.78,54.37,135.0,400.0,30.0,11.704697986577182,4.94475138121547
2020-02-27 10:00,11.0,8.0,13.0,13.86,50.09,365.0,400.0,24.0,11.815783383476047,7.464088397790055
2020-02-27 11:00,65.0,53.0,77.0,12.58,51.67,309.0,400.0,27.0,12.463781532052765,19.65193370165746
2020-02-27 12:00,5.0,3.0,6.0,14.06,48.83,350.0,400.0,42.0,13.509141402453135,28.668508287292816
2020-02-27 13:00,5.0,4.0,7.0,18.39,40.37,541.0,519.0,39.0,13.4457301550567,3.861878453038674
2020-02-27 14:00,7.0,6.0,10.0,16.1,40.3,348.0,400.0,45.0,13.048368433233048,4.066298342541437
2020-02-27 15:00,7.0,6.0,12.0,16.93,41.25,476.0,400.0,27.0,12.900717426521638,4.50828729281768
2020-02-27 16:00,8.0,6.0,11.0,17.57,37.79,478.0,400.0,24.0,12.585049757000695,6.05524861878453
2020-02-27 17:00,17.0,18.0,30.0,15.9,39.22,454.0,409.0,30.0,12.262207822263365,10.049723756906078
2020-02-27 18:00,24.0,24.0,37.0,12.09,47.41,289.0,400.0,21.0,12.262207822263365,19.76795580110497
2020-02-27 19:00,25.0,25.0,41.0,9.95,55.42,169.0,400.0,15.0,12.721823651932423,31.972375690607734
2020-02-27 20:00,21.0,24.0,40.0,9.3,58.55,183.0,400.0,42.0,12.69497801434853,21.408839779005525
2020-02-27 21:00,24.0,25.0,38.0,8.08,61.53,146.0,400.0,54.0,12.423050219856515,19.933701657458563
2020-02-27 22:00,25.0,25.0,42.0,7.95,63.08,155.0,400.0,57.0,11.978014348530433,24.994475138121548
2020-02-27 23:00,26.0,25.0,40.0,7.67,63.11,120.0,400.0,33.0,11.894700300856282,22.70718232044199
2020-02-28 00:00,17.0,18.0,31.0,7.51,63.49,92.0,400.0,36.0,12.273084934043046,23.944751381215468
2020-02-28 01:00,13.0,14.0,27.0,6.64,63.17,50.0,400.0,42.0,12.412635963897246,14.469613259668508
2020-02-28 02:00,12.0,12.0,23.0,7.35,65.1,94.0,400.0,54.0,12.88798889146031,12.353591160220995
2020-02-28 03:00,25.0,27.0,44.0,7.28,64.57,124.0,400.0,48.0,13.168710946540152,22.14917127071823
2020-02-28 04:00,25.0,29.0,54.0,8.18,65.01,181.0,400.0,94.0,14.357556121268225,28.76795580110497
2020-02-28 05:00,24.0,25.0,40.0,8.68,65.11,203.0,400.0,57.0,15.361258967831521,25.055248618784532
2020-02-28 06:00,20.0,21.0,36.0,8.6,61.77,180.0,400.0,79.0,16.335570469798657,24.65745856353591
2020-02-28 07:00,25.0,29.0,51.0,8.88,61.61,202.0,400.0,36.0,17.322147651006713,25.900552486187845
2020-02-28 08:00,26.0,30.0,54.0,8.59,58.87,403.0,400.0,36.0,18.139088174033787,28.060773480662984
2020-02-28 09:00,27.0,29.0,53.0,9.4,60.0,210.0,400.0,42.0,19.211525109928257,30.69060773480663
2020-02-28 10:00,32.0,36.0,67.0,9.4,63.18,267.0,400.0,18.0,20.431150196713723,36.69613259668508
2020-02-28 11:00,29.0,34.0,60.0,7.94,66.51,235.0,400.0,33.0,21.208747975005785,38.12154696132597
2020-02-28 12:00,31.0,38.0,65.0,8.43,69.36,291.0,400.0,36.0,21.589446887294606,37.92817679558011
2020-02-28 13:00,32.0,37.0,63.0,8.95,69.18,340.0,400.0,21.0,23.021985651469567,38.248618784530386
2020-02-28 14:00,27.0,36.0,62.0,8.95,69.77,289.0,400.0,15.0,24.327470492941448,35.40331491712707
2020-02-28 15:00,23.0,25.0,40.0,9.16,70.76,303.0,400.0,33.0,25.34413330247628,28.944751381215468
2020-02-28 16:00,21.0,21.0,32.0,8.86,71.79,275.0,400.0,39.0,26.11779680629484,24.629834254143645
2020-02-28 17:00,21.0,22.0,38.0,9.24,72.94,312.0,400.0,45.0,26.642906734552188,22.60220994475138
2020-02-28 18:00,22.0,24.0,42.0,9.26,73.5,290.0,400.0,39.0,26.7829206202268,23.099447513812155
2020-02-28 19:00,21.0,24.0,41.0,9.41,73.73,302.0,400.0,42.0,26.461930108771117,24.303867403314918
2020-02-28 20:00,24.0,26.0,42.0,8.87,73.76,237.0,400.0,21.0,26.710252256422123,27.337016574585636
2020-02-28 21:00,24.0,30.0,55.0,9.04,74.28,254.0,400.0,39.0,27.10113399676001,29.2707182320442
2020-02-28 22:00,26.0,31.0,56.0,9.31,73.17,278.0,400.0,33.0,27.259893543161304,28.8121546961326
2020-02-28 23:00,27.0,34.0,59.0,9.26,72.73,263.0,400.0,63.0,27.638278176348066,31.773480662983424
2020-02-29 00:00,35.0,38.0,63.0,9.12,72.67,242.0,400.0,42.0,28.210599398287435,37.69613259668508
2020-02-29 01:00,25.0,29.0,52.0,8.76,73.55,196.0,400.0,30.0,29.186993751446426,37.91160220994475
2020-02-29 02:00,26.0,32.0,57.0,8.98,73.45,242.0,400.0,27.0,29.983568618375376,31.464088397790054
2020-02-29 03:00,17.0,23.0,38.0,9.37,72.32,293.0,400.0,30.0,30.23721360796112,28.23204419889503
2020-02-29 04:00,32.0,35.0,59.0,9.31,72.45,241.0,400.0,70.0,30.324693358018976,30.823204419889503
2020-02-29 05:00,20.0,25.0,37.0,8.69,73.05,282.0,400.0,42.0,31.06618838231891,42.812154696132595
2020-02-29 06:00,15.0,22.0,37.0,9.17,71.86,267.0,400.0,57.0,31.08562832677621,25.14364640883978
2020-02-29 07:00,24.0,30.0,52.0,8.54,73.05,220.0,400.0,36.0,31.16084239759315,27.65745856353591
2020-02-29 08:00,20.0,25.0,44.0,8.33,73.55,198.0,400.0,42.0,31.23420504512844,29.8121546961326
2020-02-29 09:00,25.0,29.0,55.0,9.07,71.86,210.0,400.0,36.0,31.149039574172644,28.635359116022098
2020-02-29 10:00,23.0,23.0,39.0,11.59,65.07,331.0,400.0,45.0,30.751677852348994,27.171270718232044
2020-02-29 11:00,22.0,25.0,42.0,14.41,56.28,441.0,483.0,54.0,30.1976394353159,24.834254143646408
2020-02-29 12:00,19.0,22.0,37.0,16.57,48.24,446.0,524.0,27.0,29.56792409164545,22.823204419889503
2020-02-29 13:00,20.0,25.0,40.0,16.68,44.63,412.0,495.0,33.0,28.939365887526037,23.16022099447514
2020-02-29 14:00,21.0,21.0,35.0,18.34,41.54,487.0,589.0,27.0,28.462624392501734,23.96132596685083
2020-02-29 15:00,15.0,19.0,31.0,16.81,40.16,442.0,417.0,39.0,28.06850266142097,19.513812154696133
2020-02-29 16:00,16.0,20.0,35.0,18.14,36.64,462.0,497.0,51.0,27.7093265447813,16.044198895027623
2020-02-29 17:00,19.0,18.0,31.0,17.06,37.22,464.0,463.0,30.0,27.728072205507985,23.03867403314917
2020-02-29 18:00,16.0,19.0,31.0,14.8,43.75,369.0,400.0,39.0,27.588289747743577,19.7292817679558
2020-02-29 19:00,35.0,34.0,56.0,12.17,49.03,251.0,400.0,33.0,27.28488775746355,17.03314917127072
2020-02-29 20:00,34.0,34.0,57.0,10.86,53.68,231.0,400.0,51.0,27.2210136542467,25.85635359116022
2020-02-29 21:00,23.0,25.0,43.0,9.58,57.21,171.0,400.0,45.0,27.363110391113167,32.68508287292818
2020-02-29 22:00,14.0,20.0,32.0,8.69,58.81,140.0,400.0,36.0,26.947465864383243,18.85635359116022
2020-02-29 23:00,14.0,16.0,28.0,8.12,59.57,100.0,400.0,27.0,26.316361953251562,16.629834254143645
2020-03-01 00:00,15.0,19.0,31.0,7.77,61.01,88.0,400.0,82.0,25.489701457995835,17.83977900552486
2020-03-01 01:00,19.0,24.0,36.0,7.38,62.48,78.0,400.0,57.0,24.935431613052533,24.624309392265193
2020-03-01 02:00,22.0,22.0,43.0,6.84,64.59,70.0,400.0,48.0,24.683638046748438,25.408839779005525
2020-03-01 03:00,19.0,25.0,42.0,6.52,65.9,73.0,400.0,66.0,24.560518398518862,25.287292817679557
2020-03-01 04:00,40.0,44.0,74.0,6.74,66.29,97.0,400.0,36.0,24.566766952094422,30.917127071823206
2020-03-01 05:00,27.0,31.0,57.0,6.61,67.22,114.0,400.0,66.0,24.452210136542465,40.18232044198895
2020-03-01 06:00,37.0,42.0,76.0,7.07,68.07,150.0,400.0,76.0,24.826429067345522,34.12707182320442
2020-03-01 07:00,29.0,39.0,66.0,6.67,69.32,164.0,400.0,42.0,25.27794492015737,38.50276243093923
2020-03-01 08:00,31.0,37.0,69.0,7.99,69.05,267.0,400.0,48.0,25.686183753760705,39.6353591160221
2020-03-01 09:00,35.0,45.0,79.0,8.37,69.36,332.0,400.0,30.0,26.26313353390419,42.45303867403315
2020-03-01 10:00,36.0,44.0,75.0,11.37,63.44,474.0,591.0,39.0,27.078222633649617,46.751381215469614
2020-03-01 11:00,34.0,45.0,76.0,14.06,55.98,526.0,656.0,33.0,28.033557046979865,47.74585635359116
2020-03-01 12:00,37.0,52.0,80.0,14.57,51.63,499.0,641.0,48.0,28.936357324693358,44.50276243093923
2020-03-01 13:00,34.0,41.0,73.0,14.4,50.45,463.0,549.0,33.0,29.936125896783153,47.1767955801105
2020-03-01 14:00,33.0,42.0,71.0,12.81,53.77,391.0,400.0,36.0,30.63341819023374,40.71823204419889
2020-03-01 15:00,63.0,82.0,101.0,10.99,60.5,324.0,400.0,24.0,31.724600786854893,45.69060773480663
2020-03-01 16:00,36.0,42.0,75.0,9.6,63.11,286.0,400.0,39.0,33.080536912751676,48.75690607734806
2020-03-01 17:00,30.0,37.0,65.0,8.94,64.29,235.0,400.0,15.0,33.83869474658644,41.270718232044196
2020-03-01 18:00,25.0,30.0,54.0,8.35,62.37,189.0,400.0,18.0,34.424207359407546,33.806629834254146
2020-03-01 19:00,26.0,31.0,55.0,8.0,62.84,171.0,400.0,21.0,34.97176579495487,30.082872928176794
2020-03-01 20:00,29.0,39.0,67.0,7.55,65.09,141.0,400.0,18.0,35.30386484610044,33.767955801104975
2020-03-01 21:00,27.0,30.0,52.0,7.01,66.13,114.0,400.0,33.0,35.44850728997917,36.21546961325967
2020-03-01 22:00,29.0,37.0,68.0,7.24,67.77,159.0,400.0,54.0,36.155519555658415,35.790055248618785
2020-03-01 23:00,38.0,45.0,76.0,7.45,66.51,153.0,400.0,27.0,37.2791020597084,43.569060773480665
2020-03-02 00:00,27.0,34.0,58.0,7.32,61.39,123.0,400.0,42.0,38.153668132376765,38.86187845303867
2020-03-02 01:00,23.0,29.0,53.0,6.89,62.21,103.0,400.0,39.0,38.69706086554039,37.651933701657455
2020-03-02 02:00,29.0,37.0,72.0,6.08,60.7,46.0,400.0,24.0,39.052071279796344,33.92265193370166
2020-03-02 03:00,30.0,37.0,69.0,5.24,63.09,4.0,400.0,21.0,39.628558204119415,39.11602209944751
2020-03-02 04:00,31.0,39.0,71.0,4.76,64.23,6.0,400.0,36.0,40.05855126128211,41.14364640883978
2020-03-02 05:00,31.0,37.0,75.0,4.63,62.01,0.0,400.0,21.0,40.10969682943763,41.447513812154696
2020-03-02 06:00,32.0,41.0,73.0,4.22,58.12,0.0,400.0,30.0,40.41772737792178,41.45303867403315
2020-03-02 07:00,30.0,37.0,67.0,3.65,57.16,0.0,400.0,33.0,40.49502429993057,40.35911602209945
2020-03-02 08:00,29.0,36.0,61.0,4.94,54.65,11.0,400.0,30.0,40.55612126822495,41.0939226519337
2020-03-02 09:00,29.0,35.0,63.0,6.41,48.48,52.0,400.0,30.0,40.2712335107614,35.60220994475138
2020-03-02 10:00,27.0,28.0,43.0,6.43,45.49,16.0,400.0,45.0,39.69474658643833,32.93922651933702
2020-03-02 11:00,24.0,29.0,52.0,9.59,39.64,162.0,400.0,36.0,39.00879426058783,31.276243093922652
2020-03-02 12:00,31.0,35.0,57.0,12.56,34.83,246.0,400.0,15.0,38.33834760472113,28.370165745856355
2020-03-02 13:00,24.0,25.0,46.0,13.07,33.0,272.0,400.0,48.0,37.571626938208745,28.83977900552486
2020-03-02 14:00,22.0,25.0,42.0,12.87,30.99,261.0,400.0,27.0,36.99190002314279,26.784530386740332
2020-03-02 15:00,24.0,29.0,50.0,11.85,32.16,252.0,400.0,39.0,36.27655635269613,28.298342541436465
2020-03-02 16:00,24.0,28.0,52.0,13.06,30.59,296.0,400.0,39.0,35.357556121268225,26.74585635359116
2020-03-02 17:00,22.0,26.0,53.0,13.34,31.27,335.0,400.0,33.0,34.77806063411247,27.386740331491712
2020-03-02 18:00,41.0,45.0,73.0,11.04,35.53,159.0,400.0,33.0,34.601712566535525,29.574585635359117
2020-03-02 19:00,25.0,29.0,51.0,7.85,41.05,82.0,400.0,39.0,34.536681323767645,28.607734806629836
2020-03-02 20:00,25.0,27.0,44.0,6.33,46.97,39.0,400.0,24.0,34.33857903263134,28.983425414364643
2020-03-02 21:00,22.0,22.0,41.0,6.39,47.45,31.0,400.0,30.0,33.96158296690581,27.19889502762431
2020-03-02 22:00,29.0,32.0,53.0,5.55,49.71,12.0,400.0,60.0,33.70307799120574,29.535911602209946
2020-03-02 23:00,34.0,37.0,60.0,4.89,51.48,6.0,400.0,39.0,33.39041888451747,36.033149171270715
2020-03-03 00:00,18.0,21.0,35.0,3.98,52.93,0.0,400.0,45.0,33.28720203656561,36.41436464088398
2020-03-03 01:00,23.0,27.0,54.0,3.95,54.27,12.0,400.0,48.0,32.91876880351771,28.8121546961326
2020-03-03 02:00,26.0,29.0,50.0,3.75,55.45,11.0,400.0,33.0,32.717657949548716,29.066298342541437
2020-03-03 03:00,25.0,29.0,54.0,4.51,55.8,60.0,400.0,57.0,32.3177505207128,29.524861878453038
2020-03-03 04:00,27.0,32.0,55.0,4.09,56.55,27.0,400.0,54.0,31.872946077296923,30.46961325966851
2020-03-03 05:00,28.0,32.0,53.0,3.61,58.37,23.0,400.0,63.0,31.547327007637122,33.646408839779006
2020-03-03 06:00,30.0,37.0,65.0,3.6,58.97,52.0,400.0,51.0,31.33371904651701,36.30386740331492
2020-03-03 07:00,33.0,43.0,70.0,2.91,60.41,16.0,400.0,51.0,31.364498958574405,41.0939226519337
2020-03-03 08:00,33.0,40.0,67.0,4.83,58.23,95.0,400.0,51.0,31.477667206665124,43.83425414364641
2020-03-03 09:00,37.0,44.0,75.0,7.64,53.84,209.0,400.0,70.0,31.97246007868549,47.44198895027624
2020-03-03 10:00,29.0,34.0,59.0,13.46,42.04,465.0,400.0,51.0,32.30965054385559,41.07734806629834
2020-03-03 11:00,28.0,32.0,56.0,16.22,36.53,549.0,420.0,36.0,32.489701457995835,35.60220994475138
2020-03-03 12:00,29.0,36.0,62.0,14.82,35.71,462.0,400.0,27.0,32.70492941448739,33.49171270718232
2020-03-03 13:00,24.0,32.0,56.0,15.85,34.67,548.0,401.0,48.0,32.84147188150891,32.16022099447514
2020-03-03 14:00,30.0,37.0,63.0,13.38,39.11,427.0,400.0,21.0,33.16500809997686,34.54696132596685
2020-03-03 15:00,29.0,35.0,62.0,12.69,43.14,428.0,400.0,18.0,33.5077528349919,36.52486187845304
2020-03-03 16:00,32.0,38.0,68.0,14.19,39.57,572.0,488.0,27.0,33.97546864151817,37.950276243093924
2020-03-03 17:00,42.0,57.0,84.0,11.93,42.1,433.0,400.0,27.0,34.72969220087943,45.4585635359116
2020-03-03 18:00,35.0,44.0,74.0,9.81,45.61,339.0,400.0,45.0,35.74936357324693,53.98342541436464
2020-03-03 19:00,37.0,47.0,79.0,8.2,52.12,296.0,400.0,24.0,36.45174728072205,45.4585635359116
2020-03-03 20:00,33.0,43.0,76.0,6.83,56.51,226.0,400.0,21.0,37.180050914140246,46.48066298342541
2020-03-03 21:00,34.0,42.0,69.0,5.77,58.81,213.0,400.0,30.0,37.76556352696135,41.29281767955801
2020-03-03 22:00,24.0,27.0,48.0,6.71,56.96,240.0,400.0,36.0,37.997222865077525,35.12154696132597
2020-03-03 23:00,22.0,26.0,47.0,6.94,56.87,237.0,400.0,15.0,37.542467021522796,25.12154696132597
2020-03-04 00:00,21.0,25.0,42.0,6.8,57.39,221.0,400.0,24.0,37.05230270770655,24.740331491712706
2020-03-04 01:00,18.0,21.0,35.0,7.36,56.51,273.0,400.0,18.0,36.848414718815086,23.933701657458563
2020-03-04 02:00,38.0,39.0,62.0,6.85,58.31,242.0,400.0,39.0,37.26845637583892,39.049723756906076
2020-03-04 03:00,28.0,33.0,58.0,7.12,58.77,287.0,400.0,24.0,37.58042119879657,37.027624309392266
2020-03-04 04:00,25.0,32.0,59.0,8.04,58.45,348.0,400.0,27.0,37.811849109002544,36.0
2020-03-04 05:00,28.0,37.0,65.0,6.4,61.46,322.0,400.0,60.0,37.890997454292986,35.53591160220994
2020-03-04 06:00,25.0,30.0,58.0,5.42,59.15,241.0,400.0,24.0,37.79865771812081,34.09944751381215
2020-03-04 07:00,39.0,45.0,77.0,4.8,60.01,170.0,400.0,42.0,37.77389493172877,40.430939226519335
2020-03-04 08:00,30.0,39.0,68.0,5.9,57.64,210.0,400.0,24.0,37.73408933117334,42.91160220994475
2020-03-04 09:00,35.0,41.0,71.0,7.85,53.3,298.0,400.0,21.0,37.31196482295765,37.33701657458563
2020-03-04 10:00,45.0,50.0,82.0,7.11,45.88,142.0,400.0,24.0,37.24577644063874,39.53591160220994
2020-03-04 11:00,34.0,42.0,73.0,8.14,39.51,119.0,400.0,27.0,37.870863226105065,50.6243093922652
2020-03-04 12:00,34.0,45.0,78.0,8.44,37.5,89.0,400.0,33.0,38.290442027308494,43.5414364640884
2020-03-04 13:00,30.0,40.0,68.0,7.68,35.92,62.0,400.0,21.0,38.64707243693589,40.74585635359116
2020-03-04 14:00,37.0,42.0,72.0,7.35,35.92,63.0,400.0,45.0,38.84077759777829,39.187845303867405
2020-03-04 15:00,34.0,44.0,78.0,6.08,39.04,42.0,400.0,33.0,38.994908585975466,40.24309392265194
2020-03-04 16:00,32.0,43.0,79.0,6.08,38.03,54.0,400.0,24.0,39.24924785929183,44.05524861878453
2020-03-04 17:00,36.0,45.0,77.0,5.21,42.43,56.0,400.0,45.0,39.18699375144642,43.89502762430939
2020-03-04 18:00,35.0,42.0,73.0,3.8,46.25,37.0,400.0,45.0,38.7440407313122,43.41436464088398
2020-03-04 19:00,43.0,50.0,87.0,3.62,45.12,31.0,400.0,21.0,38.94306873408933,50.18232044198895
2020-03-04 20:00,38.0,45.0,76.0,3.95,44.09,10.0,400.0,30.0,38.78199490858598,42.67403314917127
2020-03-04 21:00,37.0,44.0,78.0,3.07,45.21,6.0,400.0,12.0,38.748206433695906,40.50276243093923
2020-03-04 22:00,37.0,45.0,79.0,3.26,45.65,7.0,400.0,42.0,39.1858366118954,45.66298342541437
2020-03-04 23:00,38.0,46.0,74.0,2.86,46.75,1.0,400.0,42.0,39.99745429298773,44.60220994475138
2020-03-05 00:00,34.0,44.0,73.0,2.64,48.34,30.0,400.0,45.0,41.04883128905346,49.95580110497237
2020-03-05 01:00,29.0,35.0,66.0,2.02,49.64,8.0,400.0,24.0,42.05114556815552,47.988950276243095
2020-03-05 02:00,31.0,38.0,64.0,1.91,49.63,0.0,400.0,27.0,41.982411478824346,37.386740331491715
2020-03-05 03:00,27.0,32.0,60.0,1.73,49.0,26.0,400.0,24.0,41.95371441795881,36.370165745856355
2020-03-05 04:00,26.0,33.0,64.0,1.5,48.88,23.0,400.0,18.0,41.944457301550564,35.77900552486188
2020-03-05 05:00,27.0,32.0,56.0,1.02,49.82,32.0,400.0,51.0,41.89979171488081,34.447513812154696
2020-03-05 06:00,30.0,36.0,67.0,0.63,51.33,0.0,400.0,24.0,41.96274010645684,35.613259668508285
2020-03-05 07:00,31.0,35.0,65.0,0.42,50.99,0.0,400.0,51.0,41.85975468641518,37.92265193370166
2020-03-05 08:00,25.0,28.0,52.0,3.62,45.91,99.0,400.0,45.0,41.45660726683638,33.26519337016575
2020-03-05 09:00,29.0,34.0,56.0,7.81,38.54,170.0,400.0,45.0,41.25387641749595,32.425414364640886
2020-03-05 10:00,28.0,33.0,57.0,8.98,34.71,224.0,400.0,27.0,41.0814626243925,35.331491712707184
2020-03-05 11:00,21.0,24.0,44.0,9.52,30.81,273.0,400.0,36.0,40.21939365887526,29.994475138121548
2020-03-05 12:00,21.0,24.0,37.0,10.89,28.06,290.0,400.0,18.0,39.47512149965286,25.65745856353591
2020-03-05 13:00,25.0,27.0,48.0,10.96,24.66,223.0,400.0,24.0,38.69706086554039,22.082872928176794
2020-03-05 14:00,20.0,25.0,43.0,12.3,23.62,293.0,400.0,18.0,38.034019902800274,23.276243093922652
2020-03-05 15:00,28.0,30.0,54.0,10.61,28.51,311.0,400.0,18.0,37.49757000694284,27.331491712707184
2020-03-05 16:00,85.0,92.0,102.0,9.31,32.88,310.0,400.0,33.0,37.294839157602404,39.14364640883978
2020-03-05 17:00,24.0,25.0,39.0,10.78,30.35,362.0,400.0,45.0,36.831520481370056,33.0939226519337
2020-03-05 18:00,56.0,52.0,80.0,8.51,32.51,311.0,400.0,30.0,36.39296459152974,32.850828729281766
2020-03-05 19:00,37.0,39.0,68.0,4.62,42.38,137.0,400.0,39.0,35.57880120342513,30.756906077348066
2020-03-05 20:00,17.0,18.0,32.0,4.32,43.43,171.0,400.0,18.0,34.84656329553344,25.16022099447514
2020-03-05 21:00,18.0,21.0,34.0,4.03,46.49,183.0,400.0,21.0,34.00462855820412,20.259668508287294
2020-03-05 22:00,14.0,15.0,25.0,3.39,49.31,177.0,400.0,42.0,32.90071742652164,19.176795580110497
2020-03-05 23:00,12.0,11.0,22.0,2.58,53.04,191.0,400.0,24.0,31.659106688266604,14.790055248618785
2020-03-06 00:00,16.0,18.0,28.0,2.32,55.09,177.0,400.0,33.0,30.192085165470957,14.751381215469614
2020-03-06 01:00,17.0,22.0,40.0,2.14,57.18,213.0,400.0,36.0,29.015737097894007,19.8121546961326
2020-03-06 02:00,13.0,13.0,24.0,1.99,58.64,185.0,400.0,42.0,28.109928257347836,15.67403314917127
2020-03-06 03:00,13.0,15.0,27.0,2.15,58.81,172.0,400.0,60.0,27.116408238833603,12.546961325966851
2020-03-06 04:00,17.0,20.0,38.0,1.61,59.73,171.0,400.0,45.0,26.328627632492477,16.87292817679558
2020-03-06 05:00,23.0,22.0,38.0,1.15,59.91,164.0,400.0,51.0,25.813006248553574,22.07182320441989
2020-03-06 06:00,29.0,29.0,55.0,0.9,59.59,192.0,400.0,76.0,25.37514464244388,25.082872928176794
2020-03-06 07:00,22.0,22.0,43.0,0.29,58.25,73.0,400.0,63.0,24.912520249942144,26.845303867403317
2020-03-06 08:00,27.0,27.0,47.0,5.37,53.21,192.0,400.0,45.0,24.777829206202266,30.016574585635357
2020-03-06 09:00,31.0,34.0,62.0,9.32,44.89,411.0,400.0,36.0,24.88266604952557,34.889502762430936
2020-03-06 10:00,33.0,36.0,61.0,10.78,36.23,458.0,400.0,36.0,24.875260356398982,35.16022099447514
2020-03-06 11:00,26.0,28.0,53.0,12.91,30.53,502.0,400.0,45.0,24.75769497801435,27.25414364640884
2020-03-06 12:00,25.0,29.0,49.0,15.14,26.92,545.0,400.0,21.0,24.910668826660494,29.331491712707184
2020-03-06 13:00,25.0,27.0,46.0,15.94,24.17,434.0,400.0,18.0,25.146262439250172,27.718232044198896
2020-03-06 14:00,28.0,30.0,53.0,17.19,22.68,511.0,413.0,36.0,25.320296227725063,27.441988950276244
2020-03-06 15:00,23.0,26.0,41.0,16.31,21.74,458.0,400.0,33.0,25.43253876417496,30.011049723756905
2020-03-06 16:00,23.0,25.0,44.0,17.62,20.15,554.0,428.0,12.0,24.93288590604027,26.85082872928177
2020-03-06 17:00,30.0,34.0,58.0,15.51,21.92,489.0,400.0,27.0,24.80259199259431,29.983425414364643
2020-03-06 18:00,29.0,31.0,53.0,12.17,25.98,369.0,400.0,36.0,24.7829206202268,32.28176795580111
2020-03-06 19:00,31.0,34.0,60.0,9.62,31.41,326.0,400.0,39.0,24.905577412635964,33.64088397790055
2020-03-06 20:00,32.0,37.0,63.0,8.3,34.86,329.0,400.0,33.0,25.289053459847256,34.40331491712707
2020-03-06 21:00,29.0,35.0,60.0,7.16,38.32,301.0,400.0,36.0,25.943300161999538,35.966850828729285
2020-03-06 22:00,30.0,36.0,60.0,6.83,40.23,323.0,400.0,60.0,26.66743809303402,36.574585635359114
2020-03-06 23:00,32.0,37.0,66.0,6.05,41.44,289.0,400.0,39.0,27.60495255727841,37.30939226519337
2020-03-07 00:00,31.0,37.0,66.0,6.18,43.55,309.0,400.0,42.0,28.577875491784308,38.0828729281768
2020-03-07 01:00,34.0,37.0,64.0,5.83,43.8,295.0,400.0,70.0,29.3177505207128,37.55801104972376
2020-03-07 02:00,32.0,37.0,64.0,6.02,42.46,283.0,400.0,57.0,30.212913677389494,37.1767955801105
2020-03-07 03:00,32.0,38.0,62.0,5.39,44.56,264.0,400.0,63.0,31.266836380467485,37.828729281767956
2020-03-07 04:00,39.0,45.0,75.0,4.68,46.97,265.0,400.0,42.0,32.49433001619995,46.27624309392265
2020-03-07 05:00,39.0,45.0,79.0,4.79,45.98,238.0,400.0,66.0,33.5271927794492,46.85635359116022
2020-03-07 06:00,43.0,50.0,83.0,4.47,46.18,221.0,400.0,63.0,34.69520944225874,53.05524861878453
2020-03-07 07:00,47.0,51.0,86.0,4.86,46.98,153.0,400.0,42.0,35.77991205739412,52.89502762430939
2020-03-07 08:00,36.0,41.0,78.0,6.29,46.35,286.0,400.0,60.0,36.554964128673916,48.651933701657455
2020-03-07 09:00,37.0,45.0,79.0,8.13,43.46,331.0,400.0,30.0,37.06063411247396,47.0
2020-03-07 10:00,37.0,43.0,74.0,10.47,38.56,426.0,400.0,51.0,37.512612821106224,46.0
2020-03-07 11:00,37.0,43.0,72.0,14.37,32.06,535.0,439.0,21.0,38.27933348761861,45.64088397790055
2020-03-07 12:00,31.0,34.0,61.0,17.26,25.86,542.0,440.0,39.0,38.681555195556584,39.011049723756905
2020-03-07 13:00,30.0,33.0,56.0,19.28,21.67,586.0,536.0,45.0,38.96320296227725,34.48066298342541
2020-03-07 14:00,23.0,25.0,46.0,19.6,23.82,880.0,708.0,45.0,38.96320296227725,27.4585635359116
2020-03-07 15:00,23.0,24.0,41.0,18.71,27.16,1040.0,742.0,12.0,38.7053922703078,23.85082872928177
2020-03-07 16:00,35.0,40.0,68.0,17.6,26.59,880.0,734.0,18.0,38.53575561212682,22.795580110497237
2020-03-07 17:00,37.0,45.0,74.0,16.94,25.41,668.0,623.0,15.0,39.12080536912752,43.98342541436464
2020-03-07 18:00,37.0,47.0,80.0,13.28,30.37,515.0,400.0,39.0,39.766720666512384,47.77900552486188
2020-03-07 19:00,38.0,44.0,75.0,11.85,33.39,522.0,400.0,45.0,40.28720203656561,46.13812154696133
2020-03-07 20:00,39.0,52.0,83.0,11.86,35.11,542.0,410.0,39.0,40.984725757926405,51.0939226519337
2020-03-07 21:00,39.0,52.0,84.0,9.9,37.63,450.0,400.0,39.0,41.58042119879657,50.28176795580111
2020-03-07 22:00,40.0,47.0,83.0,8.23,41.19,396.0,400.0,33.0,42.28349919000232,53.447513812154696
2020-03-07 23:00,38.0,46.0,79.0,7.56,43.13,394.0,400.0,57.0,42.668826660495256,46.56353591160221
2020-03-08 00:00,38.0,44.0,74.0,7.43,44.6,398.0,400.0,63.0,42.98565146956723,45.69613259668508
2020-03-08 01:00,32.0,40.0,69.0,7.2,46.38,399.0,400.0,85.0,43.16894237445036,41.972375690607734
2020-03-08 02:00,34.0,40.0,70.0,6.71,47.62,378.0,400.0,39.0,43.318907660263825,40.773480662983424
2020-03-08 03:00,33.0,37.0,65.0,6.69,48.47,384.0,400.0,30.0,43.355241842166166,38.70718232044199
2020-03-08 04:00,32.0,38.0,65.0,6.19,50.96,365.0,400.0,45.0,43.02453135848183,38.33701657458563
2020-03-08 05:00,32.0,38.0,70.0,5.82,52.09,341.0,400.0,57.0,42.68687803749132,38.75690607734806
2020-03-08 06:00,34.0,44.0,78.0,5.51,53.57,370.0,400.0,51.0,42.20180513769961,41.408839779005525
2020-03-08 07:00,42.0,49.0,81.0,4.98,55.69,371.0,400.0,66.0,41.8875260356399,45.353591160220994
2020-03-08 08:00,37.0,48.0,82.0,8.42,50.76,490.0,400.0,33.0,41.85512612821106,47.92265193370166
2020-03-08 09:00,40.0,49.0,80.0,13.1,42.62,677.0,611.0,45.0,41.95116871094654,49.30939226519337
2020-03-08 10:00,38.0,50.0,76.0,16.13,36.1,870.0,716.0,33.0,42.047905577412635,48.34254143646409
2020-03-08 11:00,34.0,43.0,73.0,19.42,30.31,1247.0,873.0,48.0,42.06387410321685,46.06077348066298
2020-03-08 12:00,34.0,39.0,72.0,21.64,26.11,1543.0,1050.0,30.0,42.13075676926638,40.65745856353591
2020-03-08 13:00,34.0,43.0,72.0,22.74,23.21,1725.0,1173.0,33.0,42.387873177505206,40.651933701657455
2020-03-08 14:00,32.0,37.0,64.0,22.46,21.91,1455.0,985.0,33.0,42.94283730617912,40.806629834254146
2020-03-08 15:00,29.0,35.0,61.0,22.63,21.18,1402.0,977.0,21.0,43.451284424901644,36.06077348066298
2020-03-08 16:00,35.0,49.0,77.0,22.97,21.85,1872.0,1164.0,27.0,44.29993057162694,43.027624309392266
2020-03-08 17:00,42.0,64.0,92.0,21.74,23.25,1686.0,1127.0,15.0,44.85558898403148,57.270718232044196
2020-03-08 18:00,37.0,53.0,81.0,17.22,28.03,931.0,809.0,51.0,45.1976394353159,56.03867403314917
2020-03-08 19:00,35.0,52.0,84.0,15.19,31.29,687.0,641.0,21.0,45.28882203193705,48.3646408839779
2020-03-08 20:00,36.0,49.0,82.0,13.54,34.39,644.0,522.0,36.0,45.12983105762555,47.29834254143646
2020-03-08 21:00,34.0,43.0,80.0,11.51,37.51,553.0,400.0,36.0,44.85350613283962,43.668508287292816
2020-03-08 22:00,36.0,45.0,79.0,10.54,39.88,533.0,400.0,48.0,44.44850728997917,43.75690607734806
2020-03-08 23:00,32.0,43.0,79.0,10.66,40.71,553.0,400.0,42.0,44.35801897708863,44.39779005524862
2020-03-09 00:00,35.0,44.0,80.0,10.43,42.2,542.0,400.0,48.0,44.21985651469567,42.392265193370164
2020-03-09 01:00,32.0,43.0,74.0,10.62,42.52,529.0,400.0,54.0,44.23212219393659,42.28729281767956
2020-03-09 02:00,40.0,50.0,88.0,9.17,45.27,494.0,400.0,60.0,44.47211293682018,46.51933701657459
2020-03-09 03:00,46.0,57.0,88.0,8.96,46.44,514.0,400.0,51.0,45.347141865308956,59.668508287292816
2020-03-09 04:00,29.0,39.0,71.0,8.77,46.79,467.0,400.0,57.0,45.768340661883826,48.49723756906077
2020-03-09 05:00,33.0,41.0,69.0,8.26,47.7,450.0,400.0,63.0,45.815783383476045,39.89502762430939
2020-03-09 06:00,29.0,38.0,68.0,7.58,48.49,418.0,400.0,88.0,45.64498958574404,37.31491712707182
2020-03-09 07:00,31.0,38.0,71.0,7.24,49.28,410.0,400.0,57.0,45.324924785929184,37.651933701657455
2020-03-09 08:00,33.0,41.0,75.0,10.53,44.83,513.0,400.0,45.0,44.95371441795881,39.005524861878456
2020-03-09 09:00,38.0,51.0,84.0,14.14,40.24,632.0,698.0,51.0,44.87016894237445,47.270718232044196
2020-03-09 10:00,37.0,48.0,84.0,16.09,34.53,630.0,563.0,33.0,45.035639898171716,52.29834254143646
2020-03-09 11:00,29.0,35.0,60.0,19.1,27.67,733.0,705.0,30.0,44.83267762092108,41.24309392265194
2020-03-09 12:00,29.0,37.0,69.0,22.69,23.83,1360.0,1032.0,27.0,44.4378616061097,31.209944751381215
2020-03-09 13:00,30.0,37.0,66.0,23.19,23.15,1608.0,1162.0,21.0,44.296690580884054,37.248618784530386
2020-03-09 14:00,27.0,37.0,65.0,22.81,22.88,1656.0,1119.0,21.0,44.13793103448276,37.01657458563536
2020-03-09 15:00,29.0,40.0,68.0,22.69,23.19,1930.0,1170.0,15.0,44.18514232816478,37.19889502762431
2020-03-09 16:00,22.0,27.0,50.0,21.59,23.47,1394.0,943.0,51.0,43.73177505207128,32.15469613259668
2020-03-09 17:00,25.0,31.0,53.0,20.93,23.75,1219.0,888.0,21.0,42.5387641749595,28.585635359116022
2020-03-09 18:00,28.0,33.0,65.0,17.23,28.61,808.0,611.0,27.0,41.62948391576024,34.209944751381215
2020-03-09 19:00,26.0,29.0,53.0,16.19,30.62,778.0,542.0,27.0,40.85929183059477,29.87292817679558
2020-03-09 20:00,23.0,30.0,58.0,16.34,30.91,711.0,561.0,12.0,40.131682480907195,29.81767955801105
2020-03-09 21:00,23.0,30.0,56.0,16.3,30.71,723.0,535.0,21.0,39.485767183522334,28.176795580110497
2020-03-09 22:00,24.0,29.0,53.0,16.02,31.85,681.0,495.0,24.0,38.85535755612127,28.624309392265193
2020-03-09 23:00,25.0,30.0,53.0,15.56,33.78,691.0,476.0,60.0,38.24531358481833,29.756906077348066
2020-03-10 00:00,29.0,34.0,58.0,14.75,37.46,686.0,526.0,30.0,37.76417495950012,30.828729281767956
2020-03-10 01:00,30.0,36.0,67.0,13.11,49.29,989.0,621.0,33.0,37.400138856746125,33.54696132596685
2020-03-10 02:00,30.0,36.0,63.0,12.16,57.52,1056.0,613.0,42.0,36.97361721823652,36.25966850828729
2020-03-10 03:00,31.0,38.0,67.0,12.27,56.1,1120.0,694.0,30.0,36.04767414950243,37.447513812154696
2020-03-10 04:00,35.0,41.0,74.0,12.36,60.2,1253.0,732.0,57.0,35.648692432307335,38.966850828729285
2020-03-10 05:00,38.0,52.0,80.0,11.49,63.02,1165.0,705.0,27.0,35.897477435778754,45.83425414364641
2020-03-10 06:00,46.0,69.0,91.0,11.51,62.99,1052.0,655.0,57.0,36.67183522332793,55.87845303867403
2020-03-10 07:00,43.0,60.0,88.0,11.32,65.48,1029.0,649.0,39.0,37.74080074056931,63.34254143646409
2020-03-10 08:00,41.0,53.0,83.0,11.37,66.58,1342.0,835.0,45.0,38.63388104605416,60.430939226519335
2020-03-10 09:00,31.0,36.0,63.0,11.31,67.29,1128.0,719.0,57.0,38.87919463087248,53.13812154696133
2020-03-10 10:00,26.0,26.0,46.0,10.86,69.28,1068.0,666.0,48.0,37.82133765332099,26.977900552486187
2020-03-10 11:00,16.0,11.0,18.0,11.16,66.64,1201.0,658.0,36.0,36.82457764406387,17.39779005524862
2020-03-10 12:00,11.0,10.0,16.0,12.12,65.9,1336.0,740.0,9.0,36.102985420041655,13.839779005524862
2020-03-10 13:00,9.0,10.0,16.0,11.47,65.75,1078.0,623.0,39.0,34.8953945845869,8.2707182320442
2020-03-10 14:00,37.0,33.0,56.0,11.02,65.92,1064.0,602.0,36.0,34.06109696829438,16.950276243093924
2020-03-10 15:00,32.0,30.0,51.0,10.45,66.22,931.0,557.0,27.0,33.27215922240222,18.325966850828728
2020-03-10 16:00,30.0,28.0,45.0,10.34,66.79,840.0,531.0,24.0,33.225410784540614,31.055248618784532
2020-03-10 17:00,36.0,34.0,54.0,9.82,67.23,695.0,509.0,27.0,33.28928488775746,30.093922651933703
2020-03-10 18:00,39.0,40.0,65.0,9.6,69.61,895.0,627.0,30.0,33.157833834760474,31.07734806629834
2020-03-10 19:00,31.0,39.0,69.0,9.2,68.49,749.0,569.0,21.0,33.781300624855355,44.81767955801105
2020-03-10 20:00,26.0,30.0,52.0,8.33,65.87,610.0,410.0,39.0,34.035639898171716,35.93922651933702
2020-03-10 21:00,25.0,27.0,43.0,7.27,60.58,472.0,400.0,48.0,34.10321684795186,29.790055248618785
2020-03-10 22:00,21.0,21.0,40.0,6.2,56.79,352.0,400.0,15.0,33.733857903263136,19.795580110497237
2020-03-10 23:00,24.0,26.0,43.0,5.6,54.54,296.0,400.0,15.0,33.69706086554039,28.828729281767956
2020-03-11 00:00,28.0,29.0,45.0,5.19,50.37,199.0,400.0,39.0,33.64591529738487,29.56353591160221
2020-03-11 01:00,33.0,37.0,64.0,5.25,50.16,193.0,400.0,51.0,33.6940523027077,34.65745856353591
2020-03-11 02:00,50.0,51.0,82.0,4.84,48.63,167.0,400.0,24.0,33.94908585975469,42.353591160220994
2020-03-11 03:00,36.0,37.0,65.0,3.99,48.89,129.0,400.0,48.0,34.021059939828746,39.23756906077348
2020-03-11 04:00,17.0,17.0,29.0,3.89,48.0,118.0,400.0,27.0,33.38532747049294,23.76795580110497
2020-03-11 05:00,10.0,10.0,19.0,3.76,46.13,78.0,400.0,39.0,32.08400833140477,14.574585635359115
2020-03-11 06:00,9.0,8.0,15.0,3.36,43.3,39.0,400.0,30.0,30.15274242073594,9.447513812154696
2020-03-11 07:00,6.0,6.0,11.0,3.5,42.23,0.0,400.0,30.0,27.77829206202268,6.370165745856354
2020-03-11 08:00,6.0,5.0,11.0,7.23,35.76,0.0,400.0,33.0,25.46933580189771,5.0497237569060776
2020-03-11 09:00,47.0,42.0,67.0,9.49,29.09,169.0,400.0,33.0,23.707937977320064,10.917127071823204
2020-03-11 10:00,5.0,4.0,7.0,9.68,28.08,264.0,400.0,15.0,23.113399676000927,12.87292817679558
2020-03-11 11:00,7.0,6.0,10.0,9.46,26.89,184.0,400.0,30.0,22.612126822494794,5.392265193370166
2020-03-11 12:00,9.0,7.0,13.0,12.42,24.94,338.0,400.0,21.0,22.2946077296922,6.237569060773481
2020-03-11 13:00,8.0,6.0,15.0,12.15,25.64,325.0,400.0,42.0,22.285119185373755,8.027624309392266
2020-03-11 14:00,19.0,15.0,24.0,10.58,26.64,250.0,400.0,30.0,21.87086322610507,6.911602209944752
2020-03-11 15:00,8.0,6.0,15.0,10.15,28.62,242.0,400.0,27.0,21.391344596158298,6.795580110497237
2020-03-11 16:00,8.0,6.0,11.0,11.73,28.99,411.0,400.0,36.0,20.391807451978707,7.071823204419889
2020-03-11 17:00,32.0,27.0,43.0,11.02,32.82,381.0,400.0,15.0,19.420735940754454,6.7569060773480665
2020-03-11 18:00,6.0,5.0,11.0,8.47,36.11,266.0,400.0,27.0,18.383938903031705,6.254143646408839
2020-03-11 19:00,5.0,3.0,7.0,6.32,43.15,240.0,400.0,30.0,16.91275167785235,9.508287292817679
2020-03-11 20:00,35.0,31.0,52.0,5.5,47.05,266.0,400.0,30.0,16.386716037954177,23.23204419889503
2020-03-11 21:00,10.0,10.0,20.0,5.37,48.38,298.0,400.0,39.0,15.992594306873409,20.403314917127073
2020-03-11 22:00,7.0,8.0,15.0,5.32,49.08,340.0,400.0,24.0,15.779680629483916,14.651933701657459
2020-03-11 23:00,19.0,17.0,26.0,4.87,50.54,314.0,400.0,30.0,15.12520249942143,13.104972375690608
2020-03-12 00:00,9.0,6.0,12.0,4.83,52.29,356.0,400.0,45.0,14.586901180282341,16.646408839779006
2020-03-12 01:00,11.0,11.0,21.0,4.56,54.33,346.0,400.0,27.0,13.497801434853043,8.486187845303867
2020-03-12 02:00,10.0,9.0,16.0,4.39,56.75,353.0,400.0,21.0,12.20226799352002,11.204419889502763
2020-03-12 03:00,13.0,10.0,18.0,4.02,58.06,323.0,400.0,51.0,10.939365887526035,8.933701657458563
2020-03-12 04:00,15.0,12.0,22.0,4.07,58.88,326.0,400.0,54.0,10.3992131451053,10.834254143646408
2020-03-12 05:00,18.0,17.0,29.0,4.07,58.97,347.0,400.0,48.0,10.354778986345753,13.524861878453038
2020-03-12 06:00,13.0,10.0,22.0,3.66,60.06,287.0,400.0,66.0,10.54223559361259,13.972375690607734
2020-03-12 07:00,10.0,8.0,14.0,3.76,61.05,318.0,400.0,39.0,10.69034945614441,9.92817679558011
2020-03-12 08:00,23.0,21.0,33.0,8.08,53.5,332.0,400.0,33.0,11.043045591298311,13.486187845303867
2020-03-12 09:00,10.0,9.0,16.0,11.92,43.53,518.0,400.0,63.0,11.267993520018514,16.171270718232044
2020-03-12 10:00,11.0,10.0,19.0,13.97,37.81,637.0,497.0,24.0,11.320527655635269,14.154696132596685
2020-03-12 11:00,16.0,14.0,25.0,13.58,34.0,584.0,594.0,24.0,11.618143948160148,12.519337016574585
2020-03-12 12:00,13.0,12.0,20.0,13.31,29.23,525.0,400.0,30.0,11.880351770423513,12.535911602209945
2020-03-12 13:00,12.0,12.0,24.0,15.92,27.29,607.0,495.0,36.0,12.045591298310576,12.005524861878452
2020-03-12 14:00,11.0,8.0,15.0,14.59,24.98,380.0,400.0,21.0,12.199953714417958,10.58011049723757
2020-03-12 15:00,6.0,5.0,11.0,15.44,19.78,343.0,400.0,57.0,12.189308030548483,6.552486187845304
2020-03-12 16:00,6.0,6.0,15.0,16.43,20.58,470.0,400.0,30.0,12.12983105762555,5.6464088397790055
2020-03-12 17:00,6.0,5.0,9.0,14.66,23.4,364.0,400.0,30.0,12.06317981948623,5.0497237569060776
2020-03-12 18:00,2.0,1.0,5.0,12.34,25.52,268.0,400.0,27.0,11.959962971534367,3.7900552486187844
2020-03-12 19:00,7.0,5.0,9.0,10.58,34.34,287.0,400.0,42.0,11.84841471881509,6.834254143646409
2020-03-12 20:00,10.0,10.0,19.0,10.06,38.84,410.0,400.0,21.0,11.146956722980791,6.342541436464089
2020-03-12 21:00,14.0,12.0,20.0,9.64,45.31,475.0,400.0,51.0,10.919925943068733,14.98342541436464
2020-03-12 22:00,14.0,16.0,26.0,9.77,49.89,573.0,400.0,27.0,10.903725989354315,14.287292817679559
2020-03-12 23:00,15.0,16.0,27.0,9.59,53.56,603.0,431.0,24.0,11.063411247396436,16.91160220994475
2020-03-13 00:00,16.0,20.0,35.0,10.77,52.04,679.0,596.0,24.0,11.199490858597548,19.950276243093924
2020-03-13 01:00,22.0,26.0,44.0,10.75,53.98,725.0,678.0,36.0,11.790094885443185,22.635359116022098
2020-03-13 02:00,30.0,30.0,58.0,10.6,56.23,860.0,698.0,24.0,12.503587132608192,28.331491712707184
2020-03-13 03:00,32.0,37.0,64.0,9.44,67.66,909.0,662.0,18.0,13.526035639898172,33.45303867403315
2020-03-13 04:00,36.0,38.0,63.0,9.3,65.69,806.0,602.0,33.0,14.477435778754918,33.68508287292818
2020-03-13 05:00,21.0,25.0,39.0,9.21,62.79,680.0,501.0,18.0,15.306410553112705,33.430939226519335
2020-03-13 06:00,34.0,33.0,52.0,7.98,54.32,499.0,400.0,39.0,15.659569544087017,22.486187845303867
2020-03-13 07:00,24.0,25.0,37.0,7.93,52.12,465.0,400.0,15.0,16.448507289979172,28.900552486187845
2020-03-13 08:00,29.0,29.0,52.0,8.41,50.18,460.0,400.0,18.0,16.93103448275862,25.027624309392266
2020-03-13 09:00,17.0,18.0,30.0,10.74,42.23,463.0,400.0,36.0,17.073131219625086,19.674033149171272
2020-03-13 10:00,10.0,10.0,18.0,11.08,32.15,399.0,400.0,27.0,17.11316824809072,15.154696132596685
2020-03-13 11:00,6.0,6.0,13.0,12.51,25.58,363.0,400.0,36.0,17.160610969682942,13.629834254143647
2020-03-13 12:00,5.0,4.0,10.0,14.43,21.25,349.0,400.0,27.0,16.868317519092802,5.524861878453039
2020-03-13 13:00,4.0,3.0,6.0,14.36,18.38,320.0,400.0,27.0,16.496644295302012,3.088397790055249
2020-03-13 14:00,2.0,1.0,3.0,14.53,16.68,302.0,400.0,12.0,16.180745197870863,3.0110497237569063
2020-03-13 15:00,3.0,3.0,6.0,14.29,18.14,314.0,400.0,27.0,16.033094191159453,3.005524861878453
2020-03-13 16:00,5.0,4.0,7.0,14.76,17.48,328.0,400.0,27.0,15.942374450358713,3.4640883977900554
2020-03-13 17:00,4.0,3.0,8.0,11.58,17.52,105.0,400.0,33.0,15.867854663272391,3.265193370165746
2020-03-13 18:00,44.0,41.0,66.0,8.8,20.09,19.0,400.0,21.0,16.90118028234205,28.46961325966851
2020-03-13 19:00,4.0,3.0,6.0,7.12,23.14,1.0,400.0,12.0,16.832446193010878,5.392265193370166
2020-03-13 20:00,17.0,12.0,22.0,6.2,26.38,39.0,400.0,27.0,16.98287433464476,9.895027624309392
2020-03-13 21:00,7.0,6.0,14.0,5.37,30.28,57.0,400.0,15.0,16.576486924323074,5.281767955801105
2020-03-13 22:00,10.0,8.0,16.0,4.51,32.72,79.0,400.0,42.0,16.28442490164314,7.259668508287293
2020-03-13 23:00,23.0,18.0,31.0,3.95,34.35,66.0,400.0,21.0,16.26984494330016,16.519337016574585
2020-03-14 00:00,9.0,11.0,22.0,3.13,35.81,33.0,400.0,45.0,16.011802823420503,13.779005524861878
2020-03-14 01:00,10.0,8.0,17.0,2.63,38.03,44.0,400.0,30.0,15.437167322379079,8.834254143646408
2020-03-14 02:00,9.0,7.0,14.0,2.08,39.64,31.0,400.0,33.0,14.61397824577644,8.558011049723756
2020-03-14 03:00,8.0,7.0,14.0,1.99,40.16,51.0,400.0,45.0,13.541309881971765,7.679558011049724
2020-03-14 04:00,6.0,5.0,13.0,1.62,41.45,25.0,400.0,45.0,12.44225873640361,7.276243093922652
2020-03-14 05:00,8.0,7.0,13.0,0.73,43.81,19.0,400.0,42.0,11.40430455912983,8.541436464088397
2020-03-14 06:00,8.0,6.0,11.0,0.59,44.51,0.0,400.0,36.0,10.761166396667438,6.988950276243094
2020-03-14 07:00,11.0,7.0,13.0,1.42,43.73,0.0,400.0,48.0,9.941680166628096,9.232044198895027
2020-03-14 08:00,27.0,21.0,36.0,6.51,37.3,110.0,400.0,51.0,9.275399213145105,9.0
2020-03-14 09:00,31.0,28.0,42.0,10.19,31.08,235.0,400.0,42.0,9.172070402964335,17.359550561797754
2020-03-14 10:00,13.0,12.0,25.0,9.39,28.7,298.0,400.0,21.0,9.245947197776749,17.016574585635357
2020-03-14 11:00,12.0,12.0,22.0,11.27,26.99,408.0,400.0,39.0,9.146132468735527,11.281767955801104
2020-03-14 12:00,12.0,10.0,18.0,11.87,27.8,444.0,400.0,21.0,9.530801296896712,14.74585635359116
2020-03-14 13:00,16.0,13.0,22.0,12.39,27.16,483.0,400.0,18.0,9.861973135710977,11.027624309392266
2020-03-14 14:00,15.0,12.0,22.0,11.25,30.32,436.0,400.0,12.0,10.250347383047707,12.342541436464089
2020-03-14 15:00,19.0,22.0,40.0,11.42,33.35,522.0,400.0,18.0,11.157711903659102,24.701657458563535
2020-03-14 16:00,18.0,17.0,31.0,12.51,35.46,628.0,545.0,24.0,11.817044928207503,19.29281767955801
2020-03-14 17:00,21.0,24.0,36.0,11.0,41.31,593.0,492.0,27.0,12.545622973598888,20.723756906077348
2020-03-14 18:00,26.0,28.0,52.0,8.51,50.12,531.0,401.0,15.0,12.756368689207967,33.40331491712707
2020-03-14 19:00,34.0,37.0,61.0,8.36,50.42,596.0,481.0,51.0,13.842056507642427,31.430939226519335
2020-03-14 20:00,31.0,37.0,63.0,8.16,55.44,622.0,568.0,18.0,15.066234367762853,39.23756906077348
2020-03-14 21:00,45.0,58.0,92.0,7.68,58.03,668.0,699.0,24.0,16.864983788791108,48.3646408839779
2020-03-14 22:00,58.0,74.0,98.0,7.68,60.45,788.0,840.0,36.0,19.451597962019452,69.24309392265194
2020-03-14 23:00,42.0,53.0,91.0,6.67,64.05,667.0,733.0,27.0,21.629226493747105,68.77900552486187
2020-03-15 00:00,39.0,50.0,83.0,6.51,62.57,666.0,665.0,24.0,23.195460861509957,51.3756906077348
2020-03-15 01:00,39.0,49.0,85.0,5.82,63.28,629.0,550.0,27.0,24.85641500694766,48.69060773480663
2020-03-15 02:00,38.0,48.0,81.0,5.91,62.79,603.0,475.0,33.0,26.477767484946735,47.469613259668506
2020-03-15 03:00,35.0,44.0,75.0,5.62,66.31,615.0,488.0,18.0,28.09147753589625,46.40331491712707
2020-03-15 04:00,33.0,41.0,69.0,5.86,65.49,622.0,480.0,45.0,29.568550254747567,42.729281767955804
2020-03-15 05:00,30.0,39.0,68.0,5.7,65.49,602.0,457.0,42.0,30.89300602130616,40.32596685082873
2020-03-15 06:00,28.0,28.0,48.0,5.51,64.64,541.0,400.0,30.0,32.08638258452987,35.64088397790055
2020-03-15 07:00,31.0,29.0,46.0,6.5,63.08,595.0,400.0,42.0,32.75914775358962,25.39779005524862
2020-03-15 08:00,32.0,30.0,56.0,7.96,58.74,625.0,473.0,33.0,33.35016211208893,23.14364640883978
2020-03-15 09:00,16.0,14.0,25.0,9.27,52.01,641.0,460.0,36.0,33.5075214070817,21.392265193370164
2020-03-15 10:00,13.0,12.0,24.0,12.21,33.29,627.0,413.0,27.0,33.540847026151354,17.823204419889503
2020-03-15 11:00,9.0,8.0,14.0,14.02,28.34,555.0,400.0,18.0,33.49965285813469,10.298342541436464
2020-03-15 12:00,5.0,6.0,13.0,12.49,24.76,364.0,400.0,39.0,33.13654246702152,6.066298342541437
2020-03-15 13:00,4.0,3.0,8.0,12.59,25.83,387.0,400.0,24.0,33.02846563295533,8.408839779005525
2020-03-15 14:00,31.0,25.0,37.0,10.94,23.47,242.0,400.0,15.0,32.87572321221939,8.646408839779005
2020-03-15 15:00,2.0,1.0,5.0,10.25,25.61,234.0,400.0,24.0,32.181902337421896,8.154696132596685
2020-03-15 16:00,3.0,1.0,4.0,9.38,23.52,176.0,400.0,45.0,31.42953020134228,1.2430939226519337
2020-03-15 17:00,6.0,4.0,9.0,7.97,28.27,129.0,400.0,33.0,30.909974542929877,8.193370165745856
2020-03-15 18:00,23.0,17.0,26.0,6.59,31.9,138.0,400.0,24.0,29.710252256422123,4.629834254143646
2020-03-15 19:00,47.0,34.0,33.0,5.91,31.3,74.0,400.0,24.0,29.534367044665586,27.12154696132597
2020-03-15 20:00,47.0,45.0,70.0,5.78,32.53,90.0,400.0,21.0,28.864614672529505,23.23204419889503
2020-03-15 21:00,29.0,25.0,38.0,5.31,35.25,171.0,400.0,39.0,28.028234205045127,28.325966850828728
2020-03-15 22:00,34.0,29.0,44.0,4.3,39.9,189.0,400.0,33.0,26.375838926174495,29.524861878453038
2020-03-15 23:00,15.0,5.0,14.0,3.76,42.37,190.0,400.0,18.0,24.616755380698912,26.65193370165746
2020-03-16 00:00,10.0,8.0,17.0,3.5,43.94,216.0,400.0,33.0,22.817403378847487,8.171270718232044
2020-03-16 01:00,10.0,8.0,14.0,3.43,43.64,221.0,400.0,36.0,21.15389956028697,8.751381215469614
2020-03-16 02:00,13.0,10.0,17.0,3.3,43.35,198.0,400.0,21.0,19.538532747049295,8.685082872928177
2020-03-16 03:00,10.0,8.0,16.0,2.99,43.95,173.0,400.0,21.0,17.980791483452904,9.027624309392266
2020-03-16 04:00,12.0,10.0,17.0,2.34,46.0,153.0,400.0,63.0,16.581115482527192,9.132596685082873
2020-03-16 05:00,12.0,10.0,20.0,1.93,47.18,131.0,400.0,45.0,15.287896320296229,9.292817679558011
2020-03-16 06:00,10.0,10.0,17.0,1.35,48.34,103.0,400.0,60.0,14.21592224022217,9.950276243093922
2020-03-16 07:00,9.0,9.0,19.0,1.55,48.42,119.0,400.0,21.0,13.586669752372137,10.2707182320442
2020-03-16 08:00,15.0,12.0,25.0,7.29,40.67,259.0,400.0,42.0,13.155519555658412,12.734806629834255
2020-03-16 09:00,19.0,16.0,25.0,10.99,33.75,556.0,400.0,45.0,12.980791483452904,17.209944751381215
2020-03-16 10:00,23.0,25.0,42.0,11.78,31.3,425.0,400.0,48.0,13.235130756769266,23.917127071823206
2020-03-16 11:00,11.0,8.0,16.0,13.07,27.85,840.0,772.0,39.0,13.37676463781532,13.773480662983426
2020-03-16 12:00,12.0,10.0,16.0,13.28,23.64,568.0,493.0,42.0,13.55311270539227,10.287292817679559
2020-03-16 13:00,16.0,16.0,28.0,13.75,23.31,585.0,539.0,33.0,13.773432075908355,13.707182320441989
2020-03-16 14:00,9.0,8.0,16.0,12.55,22.73,462.0,400.0,30.0,13.863688960888684,10.751381215469614
2020-03-16 15:00,7.0,6.0,13.0,12.04,22.35,425.0,400.0,24.0,13.842860448970146,7.696132596685083
2020-03-16 16:00,12.0,10.0,19.0,13.06,23.92,496.0,463.0,12.0,14.116871094654016,7.8121546961325965
2020-03-16 17:00,11.0,10.0,16.0,11.68,29.61,527.0,444.0,42.0,14.21939365887526,10.67403314917127
2020-03-16 18:00,9.0,8.0,15.0,8.8,36.61,450.0,400.0,33.0,14.616523952788706,14.07182320441989
2020-03-16 19:00,43.0,40.0,64.0,6.26,45.18,399.0,400.0,27.0,14.038417033094191,13.176795580110497
2020-03-16 20:00,29.0,26.0,39.0,5.54,48.44,449.0,400.0,39.0,14.092108308261976,24.486187845303867
2020-03-16 21:00,40.0,37.0,60.0,5.04,54.56,477.0,400.0,27.0,13.947003008562833,24.867403314917127
2020-03-16 22:00,11.0,10.0,19.0,4.97,55.54,512.0,400.0,15.0,14.139782457764406,34.171270718232044
2020-03-16 23:00,13.0,12.0,24.0,4.75,57.46,527.0,400.0,18.0,13.594306873408932,13.657458563535911
2020-03-17 00:00,12.0,11.0,24.0,5.21,57.54,500.0,400.0,45.0,13.778009259259258,12.572222222222223
2020-03-17 01:00,13.0,11.0,21.0,6.48,54.67,558.0,400.0,33.0,14.029398148148148,14.767955801104973
2020-03-17 02:00,24.0,23.0,35.0,5.71,56.8,528.0,400.0,33.0,14.611574074074074,22.585635359116022
2020-03-17 03:00,29.0,27.0,44.0,5.71,58.81,534.0,400.0,12.0,15.31875,25.988950276243095
2020-03-17 04:00,16.0,17.0,31.0,6.73,56.35,631.0,466.0,33.0,15.806018518518519,20.85635359116022
2020-03-17 05:00,18.0,18.0,35.0,6.48,57.1,625.0,460.0,45.0,16.212268518518517,19.027624309392266
2020-03-17 06:00,26.0,21.0,35.0,6.29,58.79,568.0,400.0,12.0,16.752083333333335,22.87845303867403
2020-03-17 07:00,13.0,13.0,21.0,6.78,58.45,596.0,413.0,15.0,17.30625,23.56353591160221
2020-03-17 08:00,15.0,16.0,26.0,6.8,60.33,665.0,467.0,24.0,17.47013888888889,16.65193370165746
2020-03-17 09:00,23.0,22.0,39.0,6.68,62.8,543.0,426.0,15.0,17.632638888888888,21.08839779005525
2020-03-17 10:00,19.0,20.0,35.0,7.72,60.75,667.0,584.0,30.0,17.46388888888889,19.87292817679558
2020-03-17 11:00,24.0,26.0,48.0,8.57,59.05,816.0,714.0,15.0,18.044675925925926,27.701657458563535
2020-03-17 12:00,25.0,27.0,45.0,9.71,58.44,1215.0,863.0,33.0,18.755324074074075,27.337016574585636
2020-03-17 13:00,26.0,32.0,53.0,11.74,56.61,1572.0,1018.0,24.0,19.613888888888887,34.25966850828729
2020-03-17 14:00,27.0,29.0,51.0,14.4,51.88,1934.0,1192.0,12.0,20.429861111111112,30.359116022099446
2020-03-17 15:00,39.0,46.0,73.0,15.22,46.29,1989.0,1199.0,15.0,21.684953703703705,37.77900552486188
2020-03-17 16:00,35.0,40.0,65.0,16.63,42.03,2148.0,1326.0,33.0,23.14351851851852,42.8232044198895
2020-03-17 17:00,33.0,39.0,66.0,15.04,43.91,1515.0,1079.0,30.0,24.365277777777777,40.0
2020-03-17 18:00,34.0,40.0,66.0,13.38,45.32,1285.0,991.0,21.0,25.483101851851853,40.92265193370166
2020-03-17 19:00,36.0,45.0,77.0,10.64,52.81,961.0,824.0,12.0,26.725925925925925,42.83977900552486
2020-03-17 20:00,50.0,64.0,86.0,9.7,57.28,1076.0,845.0,21.0,27.577314814814816,44.91160220994475
2020-03-17 21:00,63.0,76.0,92.0,9.09,58.88,971.0,747.0,30.0,28.78240740740741,53.77900552486188
2020-03-17 22:00,38.0,45.0,77.0,7.81,61.76,743.0,662.0,42.0,29.38912037037037,49.01657458563536
2020-03-17 23:00,58.0,67.0,92.0,7.47,63.67,862.0,726.0,39.0,30.90949074074074,50.12707182320442
2020-03-18 00:00,43.0,51.0,86.0,7.08,66.58,911.0,818.0,45.0,32.717889377458924,56.15469613259668
2020-03-18 01:00,41.0,52.0,87.0,6.25,70.6,788.0,711.0,36.0,34.52557278407776,58.14364640883978
2020-03-18 02:00,36.0,44.0,78.0,6.01,68.16,661.0,561.0,45.0,35.50034714186531,46.01657458563536
2020-03-18 03:00,39.0,48.0,80.0,5.94,68.76,672.0,613.0,42.0,36.043739875028926,39.05524861878453
2020-03-18 04:00,39.0,47.0,79.0,5.6,68.18,626.0,537.0,60.0,37.16107382550336,47.70165745856354
2020-03-18 05:00,50.0,71.0,95.0,5.29,71.88,684.0,630.0,33.0,38.629946771580656,54.25414364640884
2020-03-18 06:00,43.0,61.0,91.0,5.69,71.92,743.0,669.0,33.0,40.259893543161304,62.06629834254144
2020-03-18 07:00,41.0,50.0,84.0,5.74,69.15,669.0,575.0,54.0,41.46262439250174,52.5414364640884
2020-03-18 08:00,42.0,57.0,88.0,10.72,60.89,965.0,1016.0,66.0,43.094885443184445,55.806629834254146
2020-03-18 09:00,49.0,65.0,88.0,14.14,50.92,1632.0,1386.0,48.0,44.88336033325619,63.97790055248619
2020-03-18 10:00,38.0,47.0,77.0,15.14,42.63,1777.0,1277.0,30.0,46.412635963897245,56.629834254143645
2020-03-18 11:00,34.0,42.0,74.0,16.36,35.98,1733.0,1216.0,24.0,47.17310807683407,45.972375690607734
2020-03-18 12:00,30.0,35.0,61.0,17.7,30.91,1509.0,1105.0,45.0,47.5852811849109,37.25966850828729
2020-03-18 13:00,23.0,27.0,48.0,19.33,24.7,1410.0,1039.0,42.0,47.51353853274705,32.56353591160221
2020-03-18 14:00,23.0,23.0,37.0,19.34,23.23,1144.0,913.0,33.0,47.17403378847489,22.243093922651934
2020-03-18 15:00,18.0,21.0,37.0,20.59,21.07,1148.0,928.0,18.0,46.385790326313355,18.834254143646408
2020-03-18 16:00,17.0,19.0,32.0,22.68,20.39,1817.0,1264.0,30.0,45.53344133302476,22.370165745856355
2020-03-18 17:00,12.0,10.0,17.0,21.63,18.98,1140.0,976.0,12.0,44.509835686183756,15.453038674033149
2020-03-18 18:00,7.0,5.0,9.0,18.78,18.43,605.0,613.0,24.0,43.123119648229576,7.651933701657459
2020-03-18 19:00,6.0,8.0,16.0,15.85,22.33,547.0,466.0,24.0,41.56699838000463,5.469613259668508
2020-03-18 20:00,8.0,6.0,12.0,14.41,24.31,537.0,422.0,33.0,39.982642906734554,6.779005524861878
2020-03-18 21:00,12.0,9.0,16.0,14.09,25.32,560.0,461.0,24.0,38.06109696829438,7.519337016574585
2020-03-18 22:00,13.0,11.0,18.0,13.8,26.2,588.0,446.0,45.0,36.48692432307336,11.237569060773481
2020-03-18 23:00,19.0,22.0,38.0,13.91,27.19,604.0,531.0,30.0,35.02753992131451,14.977900552486188
2020-03-19 00:00,21.0,25.0,42.0,13.94,29.31,625.0,577.0,27.0,33.530432770192085,20.25414364640884
2020-03-19 01:00,27.0,30.0,53.0,13.67,33.62,697.0,700.0,27.0,32.135385327470495,24.69060773480663
2020-03-19 02:00,35.0,44.0,74.0,13.08,45.71,1102.0,874.0,12.0,31.598704003702846,33.12707182320442
2020-03-19 03:00,38.0,53.0,81.0,12.9,53.12,1636.0,1077.0,36.0,31.84332330479056,44.87292817679558
2020-03-19 04:00,35.0,43.0,74.0,12.84,49.08,1515.0,1023.0,21.0,31.72830363341819,44.988950276243095
2020-03-19 05:00,37.0,46.0,79.0,13.12,54.04,1725.0,1092.0,21.0,31.36357324693358,45.392265193370164
2020-03-19 06:00,35.0,41.0,68.0,13.25,54.89,1753.0,1096.0,30.0,30.652626706780836,45.011049723756905
2020-03-19 07:00,30.0,36.0,62.0,13.13,60.29,1463.0,1022.0,18.0,30.262670678083776,43.18232044198895
2020-03-19 08:00,35.0,37.0,63.0,12.67,65.68,1324.0,975.0,9.0,29.59546401295996,39.76243093922652
2020-03-19 09:00,70.0,100.0,113.0,11.48,64.85,1338.0,985.0,18.0,28.77250636426753,44.1767955801105
2020-03-19 10:00,137.0,50.0,185.0,9.85,67.23,1120.0,888.0,27.0,29.266836380467485,68.72375690607734
2020-03-19 11:00,23.0,27.0,45.0,12.58,43.75,905.0,699.0,9.0,29.200879426058783,44.44198895027624
2020-03-19 12:00,18.0,14.0,24.0,13.45,39.96,694.0,605.0,27.0,28.68410090256885,24.87845303867403
2020-03-19 13:00,10.0,9.0,15.0,12.56,39.99,593.0,481.0,18.0,27.772737792177736,10.734806629834255
2020-03-19 14:00,3.0,2.0,4.0,10.99,41.92,519.0,400.0,30.0,27.088174033788476,5.823204419889502
2020-03-19 15:00,8.0,5.0,12.0,11.49,41.55,542.0,415.0,36.0,26.525109928257347,5.287292817679558
2020-03-19 16:00,4.0,4.0,9.0,11.31,40.46,534.0,407.0,21.0,25.747743577875493,3.734806629834254
2020-03-19 17:00,4.0,4.0,11.0,11.5,40.36,526.0,400.0,30.0,25.20273084934043,2.408839779005525
2020-03-19 18:00,1.0,1.0,7.0,10.49,41.39,470.0,400.0,36.0,25.140476741495025,6.1602209944751385
2020-03-19 19:00,2.0,1.0,4.0,8.89,44.95,426.0,400.0,30.0,24.97593149733858,1.5027624309392265
2020-03-19 20:00,3.0,2.0,8.0,8.97,46.08,486.0,400.0,18.0,24.775746355010416,1.9723756906077348
2020-03-19 21:00,4.0,5.0,9.0,8.67,45.42,457.0,400.0,24.0,24.583198333719047,2.883977900552486
2020-03-19 22:00,6.0,3.0,6.0,8.5,45.21,391.0,400.0,36.0,24.23605646841009,2.9171270718232045
2020-03-19 23:00,6.0,4.0,9.0,8.31,43.48,366.0,400.0,39.0,23.773432075908353,3.8287292817679557
2020-03-20 00:00,7.0,5.0,10.0,8.22,44.19,396.0,400.0,30.0,23.099514001388567,4.0497237569060776
2020-03-20 01:00,7.0,5.0,12.0,7.94,47.02,397.0,400.0,12.0,22.247859291830594,4.220994475138122
2020-03-20 02:00,6.0,5.0,12.0,7.97,47.6,442.0,400.0,39.0,21.047211293682018,4.248618784530387
2020-03-20 03:00,7.0,6.0,12.0,7.62,49.43,474.0,400.0,42.0,19.37792177736635,4.7569060773480665
2020-03-20 04:00,7.0,5.0,11.0,6.81,52.62,434.0,400.0,18.0,17.691043739875028,4.513812154696133
2020-03-20 05:00,11.0,7.0,13.0,6.31,54.95,436.0,400.0,42.0,16.034945614441103,5.629834254143646
2020-03-20 06:00,6.0,4.0,8.0,5.46,56.97,387.0,400.0,30.0,14.551029854200417,9.397790055248619
2020-03-20 07:00,5.0,6.0,12.0,5.57,58.3,369.0,400.0,48.0,12.936125896783151,4.45303867403315
2020-03-20 08:00,8.0,6.0,13.0,11.76,49.45,642.0,683.0,33.0,11.616986808609118,8.099447513812155
2020-03-20 09:00,22.0,18.0,27.0,14.06,43.83,868.0,829.0,27.0,10.327007637121037,12.861878453038674
2020-03-20 10:00,9.0,9.0,17.0,14.94,41.38,1142.0,922.0,15.0,7.939828743346448,11.558011049723756
2020-03-20 11:00,5.0,5.0,10.0,16.42,32.22,987.0,858.0,48.0,6.438093034019903,8.491712707182321
2020-03-20 12:00,5.0,3.0,6.0,16.98,23.53,627.0,621.0,33.0,5.557278407775978,3.8011049723756907
2020-03-20 13:00,5.0,3.0,9.0,16.61,21.92,488.0,481.0,24.0,5.2212450821569085,2.679558011049724
2020-03-20 14:00,6.0,4.0,7.0,15.9,21.04,432.0,402.0,12.0,5.143716732237908,3.977900552486188
2020-03-20 15:00,5.0,4.0,7.0,15.48,21.41,402.0,400.0,39.0,5.084934043045592,3.8784530386740332
2020-03-20 16:00,4.0,3.0,6.0,17.63,21.99,640.0,702.0,30.0,5.059245545012729,3.1215469613259668
2020-03-20 17:00,3.0,2.0,4.0,16.53,24.22,543.0,593.0,12.0,5.068734089331174,2.6298342541436464
2020-03-20 18:00,3.0,2.0,4.0,13.74,25.69,380.0,400.0,27.0,4.88798889146031,1.850828729281768
2020-03-20 19:00,3.0,2.0,4.0,11.98,28.29,305.0,400.0,39.0,5.09187688035177,6.375690607734807
2020-03-20 20:00,40.0,37.0,60.0,11.45,30.83,393.0,400.0,30.0,5.339504744272159,7.883977900552487
2020-03-20 21:00,23.0,19.0,30.0,10.95,33.32,465.0,400.0,24.0,6.6602638278176345,34.591160220994475
2020-03-20 22:00,63.0,50.0,77.0,10.54,34.78,488.0,400.0,15.0,8.039111316824808,35.92265193370166
2020-03-20 23:00,13.0,11.0,21.0,9.59,36.98,470.0,400.0,21.0,8.575792640592455,16.895027624309392
2020-03-21 00:00,6.0,5.0,9.0,9.39,40.13,489.0,400.0,42.0,8.974774357787549,13.607734806629834
2020-03-21 01:00,4.0,5.0,13.0,10.0,43.01,585.0,486.0,33.0,8.979634343901875,4.337016574585635
2020-03-21 02:00,7.0,5.0,11.0,10.22,42.43,611.0,485.0,12.0,8.980791483452904,4.276243093922652
2020-03-21 03:00,5.0,4.0,8.0,10.32,42.81,595.0,470.0,15.0,8.965748669289516,4.392265193370166
2020-03-21 04:00,6.0,4.0,9.0,11.63,41.2,671.0,608.0,24.0,9.049757000694283,6.513812154696133
2020-03-21 05:00,7.0,6.0,18.0,12.61,41.52,816.0,728.0,24.0,9.042582735477898,5.441988950276243
2020-03-21 06:00,7.0,7.0,15.0,12.73,42.79,905.0,788.0,27.0,8.898866003239991,5.9779005524861875
2020-03-21 07:00,7.0,7.0,14.0,13.05,43.56,1054.0,851.0,45.0,8.984725757926405,6.50828729281768
2020-03-21 08:00,7.0,8.0,15.0,13.41,42.66,1042.0,863.0,18.0,8.930571626938208,6.8121546961325965
2020-03-21 09:00,7.0,5.0,11.0,14.49,41.98,1163.0,928.0,30.0,8.694515158528118,7.171270718232044
2020-03-21 10:00,9.0,8.0,15.0,15.61,42.87,1559.0,1082.0,15.0,8.540615598241148,7.861878453038674
2020-03-21 11:00,15.0,18.0,30.0,19.2,41.42,2273.0,1409.0,30.0,8.752372136079611,13.56353591160221
2020-03-21 12:00,20.0,23.0,42.0,19.64,39.69,2333.0,1443.0,30.0,9.450590141171025,20.552486187845304
2020-03-21 13:00,26.0,27.0,45.0,22.7,34.62,2930.0,2074.0,30.0,10.361490395741727,24.535911602209946
2020-03-21 14:00,24.0,27.0,47.0,23.37,34.87,2589.0,1345.0,24.0,11.351076139782458,27.7292817679558
2020-03-21 15:00,27.0,28.0,50.0,24.73,33.21,2928.0,1524.0,24.0,12.297847720435085,26.607734806629836
2020-03-21 16:00,23.0,25.0,44.0,23.81,33.93,2440.0,1306.0,18.0,13.272622078222634,26.53038674033149
2020-03-21 17:00,20.0,20.0,35.0,21.34,41.36,2196.0,1153.0,21.0,14.143253876417496,23.5414364640884
2020-03-21 18:00,21.0,22.0,42.0,18.91,47.2,1769.0,923.0,27.0,14.880120342513306,19.5414364640884
2020-03-21 19:00,12.0,15.0,29.0,16.55,53.87,1322.0,696.0,24.0,15.37792177736635,18.370165745856355
2020-03-21 20:00,14.0,17.0,29.0,15.42,58.18,1217.0,617.0,24.0,15.679935200185142,14.972375690607734
2020-03-21 21:00,18.0,21.0,36.0,14.59,61.83,1017.0,552.0,21.0,14.951862994677159,17.19889502762431
2020-03-21 22:00,21.0,24.0,42.0,14.76,62.91,1247.0,633.0,24.0,14.316593381161768,20.596685082872927
2020-03-21 23:00,22.0,27.0,49.0,14.7,63.6,1261.0,665.0,12.0,14.63526961351539,24.574585635359117
2020-03-22 00:00,21.0,25.0,46.0,14.13,65.36,1036.0,573.0,42.0,15.112473964360102,25.12154696132597
2020-03-22 01:00,23.0,27.0,51.0,13.8,66.76,1070.0,566.0,12.0,15.98333719046517,25.23756906077348
2020-03-22 02:00,25.0,33.0,59.0,13.3,67.92,802.0,467.0,21.0,17.08724832214765,30.751381215469614
2020-03-22 03:00,27.0,31.0,55.0,12.41,67.84,642.0,400.0,30.0,18.310576255496414,33.75690607734806
2020-03-22 04:00,36.0,36.0,66.0,12.23,52.97,438.0,400.0,21.0,19.198333719046516,27.85635359116022
2020-03-22 05:00,33.0,32.0,52.0,10.61,55.96,372.0,400.0,24.0,20.242767877806063,30.5414364640884
2020-03-22 06:00,22.0,24.0,37.0,9.25,58.3,290.0,400.0,27.0,21.264059245545013,30.497237569060772
2020-03-22 07:00,16.0,16.0,30.0,8.45,60.53,275.0,400.0,36.0,22.14186530895626,27.558011049723756
2020-03-22 08:00,20.0,21.0,39.0,14.93,47.23,477.0,400.0,27.0,22.710946540152744,20.441988950276244
2020-03-22 09:00,16.0,18.0,28.0,15.44,39.89,410.0,400.0,39.0,23.279564915528812,20.834254143646408
2020-03-22 10:00,16.0,18.0,33.0,15.67,36.41,408.0,400.0,24.0,23.59176116639667,15.370165745856353
2020-03-22 11:00,15.0,14.0,27.0,18.8,30.93,616.0,400.0,48.0,23.635501041425595,14.607734806629834
2020-03-22 12:00,12.0,11.0,19.0,20.65,27.49,698.0,479.0,30.0,23.354778986345753,13.80110497237569
2020-03-22 13:00,7.0,6.0,11.0,21.58,21.17,668.0,402.0,12.0,22.681555195556584,8.375690607734807
2020-03-22 14:00,7.0,7.0,13.0,21.21,19.79,603.0,400.0,27.0,21.744735015042814,5.248618784530387
2020-03-22 15:00,7.0,5.0,9.0,21.73,17.69,556.0,400.0,30.0,20.83522332793335,4.779005524861878
2020-03-22 16:00,7.0,4.0,8.0,23.42,16.35,923.0,566.0,27.0,19.957185836611895,5.458563535911602
2020-03-22 17:00,10.0,10.0,17.0,21.9,16.14,574.0,400.0,30.0,19.228650775283498,6.060773480662983
2020-03-22 18:00,34.0,32.0,52.0,19.08,18.49,392.0,400.0,12.0,18.942837306179126,12.651933701657459
2020-03-22 19:00,10.0,8.0,15.0,15.89,20.97,195.0,400.0,27.0,18.816246239296458,15.441988950276244
2020-03-22 20:00,9.0,8.0,15.0,14.26,23.25,123.0,400.0,21.0,18.514695672298078,7.723756906077348
2020-03-22 21:00,35.0,32.0,55.0,13.39,24.05,110.0,400.0,27.0,18.26591066882666,11.187845303867404
2020-03-22 22:00,25.0,25.0,41.0,12.7,25.32,56.0,400.0,21.0,18.571626938208748,27.939226519337016
2020-03-22 23:00,23.0,23.0,37.0,12.04,28.67,113.0,400.0,15.0,18.448507289979172,21.624309392265193
2020-03-23 00:00,23.0,24.0,36.0,11.5,28.35,69.0,400.0,24.0,18.327701920851656,22.226519337016576
2020-03-23 01:00,22.0,21.0,35.0,11.51,27.76,105.0,400.0,36.0,18.242073594075446,23.176795580110497
2020-03-23 02:00,41.0,40.0,64.0,11.23,27.55,24.0,400.0,21.0,18.021985651469567,25.430939226519335
2020-03-23 03:00,23.0,24.0,43.0,10.49,29.95,89.0,400.0,48.0,17.711177968062948,26.386740331491712
2020-03-23 04:00,26.0,26.0,42.0,8.79,33.96,44.0,400.0,18.0,17.683175190928026,27.12154696132597
2020-03-23 05:00,24.0,25.0,38.0,8.47,34.98,29.0,400.0,48.0,17.506364267530664,26.287292817679557
2020-03-23 06:00,26.0,27.0,44.0,7.86,36.91,14.0,400.0,36.0,17.328396204582273,26.25414364640884
2020-03-23 07:00,30.0,37.0,65.0,8.52,41.69,92.0,400.0,30.0,17.60194399444573,34.149171270718234
2020-03-23 08:00,32.0,37.0,62.0,12.53,39.88,310.0,400.0,30.0,18.32909048831289,37.889502762430936
2020-03-23 09:00,31.0,32.0,54.0,15.47,36.87,534.0,400.0,45.0,18.948623003934273,35.729281767955804
2020-03-23 10:00,28.0,30.0,53.0,15.82,34.65,506.0,400.0,33.0,19.589446887294606,30.74585635359116
2020-03-23 11:00,29.0,30.0,52.0,17.79,33.15,711.0,517.0,42.0,20.30432770192085,31.76243093922652
2020-03-23 12:00,29.0,31.0,55.0,19.96,30.26,1080.0,694.0,30.0,20.974080074056932,29.895027624309392
2020-03-23 13:00,26.0,29.0,48.0,21.17,28.56,1507.0,874.0,21.0,21.866466095811155,29.81767955801105
2020-03-23 14:00,22.0,23.0,39.0,22.13,23.54,1175.0,697.0,33.0,22.722749363573246,25.8121546961326
2020-03-23 15:00,22.0,22.0,40.0,22.34,22.25,1406.0,793.0,18.0,23.574172645221015,25.204419889502763
2020-03-23 16:00,28.0,30.0,51.0,21.46,28.91,1666.0,970.0,27.0,24.57046979865772,29.34254143646409
2020-03-23 17:00,27.0,31.0,54.0,19.29,31.49,915.0,630.0,45.0,25.57856977551493,30.23756906077348
2020-03-23 18:00,28.0,33.0,58.0,16.63,34.9,665.0,462.0,45.0,26.38139319601944,31.8121546961326
2020-03-23 19:00,32.0,37.0,64.0,13.48,38.15,478.0,400.0,36.0,27.13677389493173,33.613259668508285
2020-03-23 20:00,33.0,38.0,63.0,12.83,39.08,471.0,400.0,18.0,28.40847026151354,38.24309392265194
2020-03-23 21:00,40.0,44.0,76.0,11.72,42.58,436.0,400.0,36.0,29.641981022911363,40.668508287292816
2020-03-23 22:00,32.0,37.0,63.0,11.24,46.57,460.0,400.0,33.0,30.060171256653554,38.027624309392266
2020-03-23 23:00,40.0,46.0,75.0,10.61,49.24,444.0,400.0,36.0,31.252950705855127,50.1767955801105
2020-03-24 00:00,36.0,43.0,73.0,10.18,50.79,437.0,400.0,48.0,32.029159916685956,40.87845303867403
2020-03-24 01:00,36.0,42.0,72.0,9.6,51.8,384.0,400.0,24.0,32.8759546401296,43.51381215469613
2020-03-24 02:00,33.0,38.0,65.0,8.9,52.82,349.0,400.0,39.0,33.55542698449433,41.66298342541437
2020-03-24 03:00,34.0,38.0,66.0,8.67,52.36,312.0,400.0,66.0,34.00879426058783,37.28729281767956
2020-03-24 04:00,37.0,45.0,76.0,8.28,54.88,359.0,400.0,30.0,34.604026845637584,41.39779005524862
2020-03-24 05:00,34.0,41.0,68.0,8.24,55.17,321.0,400.0,33.0,35.28164776672067,42.574585635359114
2020-03-24 06:00,34.0,41.0,71.0,7.49,55.58,223.0,400.0,51.0,35.87248322147651,40.43646408839779
2020-03-24 07:00,41.0,46.0,76.0,7.63,56.27,227.0,400.0,33.0,36.292062022679936,44.187845303867405
2020-03-24 08:00,38.0,45.0,76.0,14.15,44.57,422.0,400.0,39.0,36.428373061791255,41.193370165745854
2020-03-24 09:00,37.0,45.0,77.0,17.11,38.6,685.0,614.0,60.0,36.801666280953484,44.71270718232044
2020-03-24 10:00,36.0,46.0,75.0,19.02,33.27,1102.0,832.0,36.0,37.334644758157836,43.552486187845304
2020-03-24 11:00,32.0,35.0,61.0,21.37,28.46,1705.0,1014.0,33.0,37.68896088868318,40.30939226519337
2020-03-24 12:00,28.0,30.0,52.0,22.59,22.92,1110.0,756.0,30.0,37.72668363804675,30.81767955801105
2020-03-24 13:00,27.0,30.0,54.0,21.52,21.98,698.0,600.0,21.0,37.74612358250405,30.287292817679557
2020-03-24 14:00,29.0,35.0,61.0,22.6,21.17,997.0,696.0,33.0,38.05947697292294,33.331491712707184
2020-03-24 15:00,34.0,38.0,65.0,23.07,21.34,1416.0,879.0,24.0,38.420504512844246,33.89502762430939
2020-03-24 16:00,32.0,36.0,61.0,23.07,20.93,1459.0,891.0,30.0,38.797500578569775,38.386740331491715
2020-03-24 17:00,30.0,34.0,59.0,21.91,20.68,933.0,659.0,36.0,38.94492015737098,33.78453038674033
2020-03-24 18:00,28.0,33.0,55.0,18.44,23.87,568.0,400.0,24.0,38.897014579958345,30.674033149171272
2020-03-24 19:00,26.0,27.0,47.0,15.81,27.78,518.0,400.0,33.0,38.842166165239526,32.28176795580111
2020-03-24 20:00,23.0,21.0,35.0,14.3,27.95,378.0,400.0,24.0,38.36611895394584,26.81767955801105
2020-03-24 21:00,24.0,27.0,47.0,13.23,30.95,351.0,400.0,39.0,37.764869243230734,26.1878453038674
2020-03-24 22:00,35.0,37.0,62.0,11.95,33.6,305.0,400.0,33.0,37.394353158990974,29.12707182320442
2020-03-24 23:00,26.0,25.0,45.0,11.27,35.48,264.0,400.0,27.0,36.66998380004629,32.83425414364641
2020-03-25 00:00,22.0,21.0,37.0,11.0,35.71,239.0,400.0,45.0,36.01643138162462,25.176795580110497
2020-03-25 01:00,23.0,21.0,36.0,10.59,36.58,223.0,400.0,30.0,35.16778523489933,23.138121546961326
2020-03-25 02:00,25.0,29.0,46.0,10.21,39.13,224.0,400.0,51.0,34.52603563989817,26.248618784530386
2020-03-25 03:00,32.0,33.0,58.0,10.21,39.22,230.0,400.0,54.0,34.365193242305025,33.39779005524862
2020-03-25 04:00,34.0,36.0,66.0,9.68,40.12,212.0,400.0,48.0,34.11779680629484,35.425414364640886
2020-03-25 05:00,33.0,36.0,65.0,9.5,40.33,197.0,400.0,33.0,33.86577181208054,36.530386740331494
2020-03-25 06:00,65.0,69.0,91.0,8.62,42.96,163.0,400.0,54.0,33.88405461698681,40.84530386740332
2020-03-25 07:00,29.0,34.0,58.0,8.88,43.98,266.0,400.0,51.0,33.34783614903957,31.513812154696133
2020-03-25 08:00,32.0,35.0,60.0,14.2,37.34,451.0,400.0,42.0,32.9652858134691,32.0
2020-03-25 09:00,36.0,38.0,64.0,18.12,29.73,592.0,411.0,42.0,32.49733857903263,33.48618784530387
2020-03-25 10:00,28.0,33.0,58.0,18.92,26.33,611.0,459.0,42.0,32.10344827586207,34.10497237569061
